ID,Name,Contact Number,Email Address,Status,City,Country
1,Chavez Kelly and Long,646141610295,chavezkellyandlong@gmail.com,Pending,Manama,Bahrain
2,Scott Craig and Welch,618135603043,scottcraigandwelch@gmail.com,Active,Cairo,Egypt
3,Gordon Group,959490758511,gordongroup@gmail.com,Inactive,Riyadh,Saudi Arabia
4,Rodriguez-Rivera,971008393441,rodriguez-rivera@gmail.com,Active,Amman,Jordan
5,Costa PLC,120241529685,costaplc@gmail.com,Active,Amman,Jordan
6,Ross and Sons,422896035528,rossandsons@gmail.com,Pending,Cairo,Egypt
7,Mills-Callahan,117244680399,mills-callahan@gmail.com,Inactive,Beirut,Lebanon
8,Pierce Miller and Fox,410289911119,piercemillerandfox@gmail.com,Inactive,Manama,Bahrain
9,Montes-Anderson,623404716260,montes-anderson@gmail.com,Pending,Amman,Jordan
10,Stone-Johnson,419794238012,stone-johnson@gmail.com,Pending,Manama,Bahrain
11,Stewart PLC,719613437470,stewartplc@gmail.com,Inactive,Dubai,UAE
12,Boyle Hughes and Montgomery,182189554635,boylehughesandmontgomery@gmail.com,Active,Riyadh,Saudi Arabia
13,Lamb Wilson and Wilson,168896341140,lambwilsonandwilson@gmail.com,Active,Doha,Qatar
14,Boyer Miller and Pierce,362519383901,boyermillerandpierce@gmail.com,Pending,Kuwait City,Kuwait
15,Meyer Inc,676407324707,meyerinc@gmail.com,Active,Doha,Qatar
16,Flores-Webb,225413868748,flores-webb@gmail.com,Inactive,Riyadh,Saudi Arabia
17,Marquez-Baker,625167021579,marquez-baker@gmail.com,Pending,Manama,Bahrain
18,Oliver PLC,826824106997,oliverplc@gmail.com,Inactive,Amman,Jordan
19,Gutierrez Stewart and Roy,546522638831,gutierrezstewartandroy@gmail.com,Inactive,Cairo,Egypt
20,Johnson Avila and Robertson,946925863340,johnsonavilaandrobertson@gmail.com,Active,Cairo,Egypt
21,Graham Sanchez and Nichols,609832286518,grahamsanchezandnichols@gmail.com,Pending,Amman,Jordan
22,Brewer Curtis and Meyer,771213418836,brewercurtisandmeyer@gmail.com,Active,Doha,Qatar
23,Anderson-Ramsey,613624257361,anderson-ramsey@gmail.com,Pending,Riyadh,Saudi Arabia
24,Cole LLC,477163213176,colellc@gmail.com,Pending,Cairo,Egypt
25,Fleming Group,496878377920,fleminggroup@gmail.com,Pending,Kuwait City,Kuwait
26,Fields-Rodriguez,746920777654,fields-rodriguez@gmail.com,Pending,Beirut,Lebanon
27,Zimmerman Figueroa and Graham,393000014496,zimmermanfigueroaandgraham@gmail.com,Pending,Casablanca,Morocco
28,West PLC,454464021209,westplc@gmail.com,Active,Casablanca,Morocco
29,Preston Ltd,492309073988,prestonltd@gmail.com,Pending,Amman,Jordan
30,Preston-Smith,088589196336,preston-smith@gmail.com,Pending,Kuwait City,Kuwait
31,Ray Crawford and Adams,452783227462,raycrawfordandadams@gmail.com,Pending,Manama,Bahrain
32,Barber Duarte and Miller,409574901939,barberduarteandmiller@gmail.com,Inactive,Riyadh,Saudi Arabia
33,Barron-Williams,135554977412,barron-williams@gmail.com,Pending,Doha,Qatar
34,Fletcher PLC,330628952925,fletcherplc@gmail.com,Active,Amman,Jordan
35,Mccullough Group,926247831075,mcculloughgroup@gmail.com,Inactive,Riyadh,Saudi Arabia
36,Phillips Garcia and Barajas,486907513833,phillipsgarciaandbarajas@gmail.com,Inactive,Kuwait City,Kuwait
37,Phillips Diaz and Burns,654196941053,phillipsdiazandburns@gmail.com,Inactive,Doha,Qatar
38,Lara Alvarez and Martinez,965222473118,laraalvarezandmartinez@gmail.com,Inactive,Dubai,UAE
39,Gamble Barber and Martin,756277177401,gamblebarberandmartin@gmail.com,Pending,Amman,Jordan
40,Smith-Pierce,493575584849,smith-pierce@gmail.com,Pending,Manama,Bahrain
41,Hernandez Rios and Roberts,964263952213,hernandezriosandroberts@gmail.com,Pending,Doha,Qatar
42,Willis Inc,613632484986,willisinc@gmail.com,Inactive,Doha,Qatar
43,Jones Robles and George,916654852014,jonesroblesandgeorge@gmail.com,Pending,Casablanca,Morocco
44,Beck LLC,084042842486,beckllc@gmail.com,Inactive,Amman,Jordan
45,Watts-Carlson,855837663072,watts-carlson@gmail.com,Pending,Beirut,Lebanon
46,Farrell Hernandez and Mcdonald,067512879964,farrellhernandezandmcdonald@gmail.com,Inactive,Casablanca,Morocco
47,Giles-Obrien,773852150173,giles-obrien@gmail.com,Inactive,Kuwait City,Kuwait
48,Wilson-Porter,986407351009,wilson-porter@gmail.com,Active,Casablanca,Morocco
49,Alvarez Inc,945712250749,alvarezinc@gmail.com,Active,Muscat,Oman
50,Byrd Thompson and Perry,218754729086,byrdthompsonandperry@gmail.com,Inactive,Manama,Bahrain
51,Weaver Perkins and Stephens,890698027157,weaverperkinsandstephens@gmail.com,Inactive,Manama,Bahrain
52,Sanchez-Morgan,666599116259,sanchez-morgan@gmail.com,Pending,Manama,Bahrain
53,Allen LLC,837779236609,allenllc@gmail.com,Active,Muscat,Oman
54,Martin PLC,505273970560,martinplc@gmail.com,Active,Casablanca,Morocco
55,Kelly Williams and Irwin,222307854241,kellywilliamsandirwin@gmail.com,Pending,Cairo,Egypt
56,Dunn PLC,720661860454,dunnplc@gmail.com,Pending,Riyadh,Saudi Arabia
57,Wong Inc,591808720166,wonginc@gmail.com,Pending,Riyadh,Saudi Arabia
58,Wright-Mann,429725069275,wright-mann@gmail.com,Active,Muscat,Oman
59,Walker-Bailey,270246946289,walker-bailey@gmail.com,Active,Doha,Qatar
60,Hughes Martinez and Allen,727457485590,hughesmartinezandallen@gmail.com,Inactive,Kuwait City,Kuwait
61,King-Johnson,623721360771,king-johnson@gmail.com,Inactive,Kuwait City,Kuwait
62,David Inc,452475802525,davidinc@gmail.com,Pending,Cairo,Egypt
63,Mccarty Ltd,248627502219,mccartyltd@gmail.com,Active,Dubai,UAE
64,Williamson-Burgess,968806204165,williamson-burgess@gmail.com,Pending,Manama,Bahrain
65,Sparks Vance and Howard,942313697301,sparksvanceandhoward@gmail.com,Inactive,Kuwait City,Kuwait
66,Hill Rowland and Mccullough,165332999569,hillrowlandandmccullough@gmail.com,Pending,Manama,Bahrain
67,Larson Holmes and Werner,321988414105,larsonholmesandwerner@gmail.com,Inactive,Doha,Qatar
68,Lane Group,501154260399,lanegroup@gmail.com,Pending,Dubai,UAE
69,Thompson Inc,464900203662,thompsoninc@gmail.com,Active,Manama,Bahrain
70,Cervantes-Ellis,147650369347,cervantes-ellis@gmail.com,Inactive,Manama,Bahrain
71,Robbins LLC,567034316065,robbinsllc@gmail.com,Inactive,Amman,Jordan
72,Harper and Sons,010864611819,harperandsons@gmail.com,Inactive,Dubai,UAE
73,Ramos Butler and Reed,184696224579,ramosbutlerandreed@gmail.com,Active,Doha,Qatar
74,Lynch Mcbride and Smith,424063031411,lynchmcbrideandsmith@gmail.com,Active,Amman,Jordan
75,Smith Casey and Johnson,751260494535,smithcaseyandjohnson@gmail.com,Inactive,Riyadh,Saudi Arabia
76,Valenzuela Jones and Sexton,883885316552,valenzuelajonesandsexton@gmail.com,Inactive,Cairo,Egypt
77,Lewis-Bell,675142607560,lewis-bell@gmail.com,Active,Doha,Qatar
78,Tate Baker and Meadows,197198945270,tatebakerandmeadows@gmail.com,Active,Muscat,Oman
79,Turner Inc,832578889971,turnerinc@gmail.com,Active,Manama,Bahrain
80,Bryant Barnes and Roberts,934749615944,bryantbarnesandroberts@gmail.com,Pending,Beirut,Lebanon
81,Singleton Jacobs and Payne,827498525606,singletonjacobsandpayne@gmail.com,Active,Kuwait City,Kuwait
82,Chase-Nguyen,637280671522,chase-nguyen@gmail.com,Active,Cairo,Egypt
83,Brown-Lee,447751894857,brown-lee@gmail.com,Pending,Amman,Jordan
84,Hernandez Ltd,218666631282,hernandezltd@gmail.com,Active,Casablanca,Morocco
85,Williams Moran and Lewis,594001236631,williamsmoranandlewis@gmail.com,Active,Muscat,Oman
86,Boyle Anderson and Ward,183979033377,boyleandersonandward@gmail.com,Active,Casablanca,Morocco
87,Goodman PLC,276944483229,goodmanplc@gmail.com,Inactive,Doha,Qatar
88,Jones Davidson and Holmes,736552618629,jonesdavidsonandholmes@gmail.com,Active,Doha,Qatar
89,Moore LLC,206839754748,moorellc@gmail.com,Active,Manama,Bahrain
90,Rogers LLC,526860863058,rogersllc@gmail.com,Inactive,Kuwait City,Kuwait
91,Morris Group,484279068488,morrisgroup@gmail.com,Active,Riyadh,Saudi Arabia
92,Cox Ingram and Smith,521897622085,coxingramandsmith@gmail.com,Pending,Cairo,Egypt
93,Robbins Shields and Smith,730435191733,robbinsshieldsandsmith@gmail.com,Pending,Doha,Qatar
94,Tran-Pena,527093585506,tran-pena@gmail.com,Inactive,Doha,Qatar
95,Allen Barry and Santiago,321851704430,allenbarryandsantiago@gmail.com,Active,Cairo,Egypt
96,Jones Thompson and Wright,430054236215,jonesthompsonandwright@gmail.com,Inactive,Kuwait City,Kuwait
97,Kelley Group,930612362254,kelleygroup@gmail.com,Pending,Cairo,Egypt
98,Brown Bell and Mcdaniel,123144230027,brownbellandmcdaniel@gmail.com,Inactive,Doha,Qatar
99,Pham Roberts and Mitchell,946717052074,phamrobertsandmitchell@gmail.com,Active,Kuwait City,Kuwait
100,Nichols-Mann,496446385997,nichols-mann@gmail.com,Active,Manama,Bahrain
